--
-- PostgreSQL database dump
--

\restrict In7P7J1cY9Do6po1RqeeObXbpf5V5VOBYjsjdtvLXiTFlN1vsI1uFKvrp1Ph19V

-- Dumped from database version 16.11 (Ubuntu 16.11-0ubuntu0.24.04.1)
-- Dumped by pg_dump version 16.11 (Ubuntu 16.11-0ubuntu0.24.04.1)

SET statement_timeout = 0;
SET lock_timeout = 0;
SET idle_in_transaction_session_timeout = 0;
SET client_encoding = 'UTF8';
SET standard_conforming_strings = on;
SELECT pg_catalog.set_config('search_path', '', false);
SET check_function_bodies = false;
SET xmloption = content;
SET client_min_messages = warning;
SET row_security = off;

SET default_tablespace = '';

SET default_table_access_method = heap;

--
-- Name: AspNetRoleClaims; Type: TABLE; Schema: public; Owner: pauldor
--

CREATE TABLE public."AspNetRoleClaims" (
    "Id" integer NOT NULL,
    "RoleId" text NOT NULL,
    "ClaimType" text,
    "ClaimValue" text
);


ALTER TABLE public."AspNetRoleClaims" OWNER TO pauldor;

--
-- Name: AspNetRoleClaims_Id_seq; Type: SEQUENCE; Schema: public; Owner: pauldor
--

ALTER TABLE public."AspNetRoleClaims" ALTER COLUMN "Id" ADD GENERATED BY DEFAULT AS IDENTITY (
    SEQUENCE NAME public."AspNetRoleClaims_Id_seq"
    START WITH 1
    INCREMENT BY 1
    NO MINVALUE
    NO MAXVALUE
    CACHE 1
);


--
-- Name: AspNetRoles; Type: TABLE; Schema: public; Owner: pauldor
--

CREATE TABLE public."AspNetRoles" (
    "Id" text NOT NULL,
    "Name" character varying(256),
    "NormalizedName" character varying(256),
    "ConcurrencyStamp" text
);


ALTER TABLE public."AspNetRoles" OWNER TO pauldor;

--
-- Name: AspNetUserClaims; Type: TABLE; Schema: public; Owner: pauldor
--

CREATE TABLE public."AspNetUserClaims" (
    "Id" integer NOT NULL,
    "UserId" text NOT NULL,
    "ClaimType" text,
    "ClaimValue" text
);


ALTER TABLE public."AspNetUserClaims" OWNER TO pauldor;

--
-- Name: AspNetUserClaims_Id_seq; Type: SEQUENCE; Schema: public; Owner: pauldor
--

ALTER TABLE public."AspNetUserClaims" ALTER COLUMN "Id" ADD GENERATED BY DEFAULT AS IDENTITY (
    SEQUENCE NAME public."AspNetUserClaims_Id_seq"
    START WITH 1
    INCREMENT BY 1
    NO MINVALUE
    NO MAXVALUE
    CACHE 1
);


--
-- Name: AspNetUserLogins; Type: TABLE; Schema: public; Owner: pauldor
--

CREATE TABLE public."AspNetUserLogins" (
    "LoginProvider" text NOT NULL,
    "ProviderKey" text NOT NULL,
    "ProviderDisplayName" text,
    "UserId" text NOT NULL
);


ALTER TABLE public."AspNetUserLogins" OWNER TO pauldor;

--
-- Name: AspNetUserRoles; Type: TABLE; Schema: public; Owner: pauldor
--

CREATE TABLE public."AspNetUserRoles" (
    "UserId" text NOT NULL,
    "RoleId" text NOT NULL
);


ALTER TABLE public."AspNetUserRoles" OWNER TO pauldor;

--
-- Name: AspNetUserTokens; Type: TABLE; Schema: public; Owner: pauldor
--

CREATE TABLE public."AspNetUserTokens" (
    "UserId" text NOT NULL,
    "LoginProvider" text NOT NULL,
    "Name" text NOT NULL,
    "Value" text
);


ALTER TABLE public."AspNetUserTokens" OWNER TO pauldor;

--
-- Name: AspNetUsers; Type: TABLE; Schema: public; Owner: pauldor
--

CREATE TABLE public."AspNetUsers" (
    "Id" text NOT NULL,
    "Discriminator" character varying(13) NOT NULL,
    "UserName" character varying(256),
    "NormalizedUserName" character varying(256),
    "Email" character varying(256),
    "NormalizedEmail" character varying(256),
    "EmailConfirmed" boolean NOT NULL,
    "PasswordHash" text,
    "SecurityStamp" text,
    "ConcurrencyStamp" text,
    "PhoneNumber" text,
    "PhoneNumberConfirmed" boolean NOT NULL,
    "TwoFactorEnabled" boolean NOT NULL,
    "LockoutEnd" timestamp with time zone,
    "LockoutEnabled" boolean NOT NULL,
    "AccessFailedCount" integer NOT NULL
);


ALTER TABLE public."AspNetUsers" OWNER TO pauldor;

--
-- Name: Likes; Type: TABLE; Schema: public; Owner: pauldor
--

CREATE TABLE public."Likes" (
    "Id" uuid NOT NULL,
    "PersonId" text NOT NULL,
    "ExerciseIds" uuid[] NOT NULL
);


ALTER TABLE public."Likes" OWNER TO pauldor;

--
-- Name: RefreshTokens; Type: TABLE; Schema: public; Owner: pauldor
--

CREATE TABLE public."RefreshTokens" (
    "Id" character varying(38) NOT NULL,
    "Token" character varying(500) NOT NULL,
    "LiveTime" timestamp with time zone NOT NULL,
    "PersonId" character varying(38) NOT NULL
);


ALTER TABLE public."RefreshTokens" OWNER TO pauldor;

--
-- Name: __EFMigrationsHistory; Type: TABLE; Schema: public; Owner: pauldor
--

CREATE TABLE public."__EFMigrationsHistory" (
    "MigrationId" character varying(150) NOT NULL,
    "ProductVersion" character varying(32) NOT NULL
);


ALTER TABLE public."__EFMigrationsHistory" OWNER TO pauldor;

--
-- Data for Name: AspNetRoleClaims; Type: TABLE DATA; Schema: public; Owner: pauldor
--

COPY public."AspNetRoleClaims" ("Id", "RoleId", "ClaimType", "ClaimValue") FROM stdin;
\.


--
-- Data for Name: AspNetRoles; Type: TABLE DATA; Schema: public; Owner: pauldor
--

COPY public."AspNetRoles" ("Id", "Name", "NormalizedName", "ConcurrencyStamp") FROM stdin;
19ef95cd-413a-49ea-b4f1-448e9d86d81c	User	USER	19ef95cd-413a-49ea-b4f1-448e9d86d81c
b9c6aa99-e98d-4e3d-87de-c93e17592919	Admin	ADMIN	b9c6aa99-e98d-4e3d-87de-c93e17592919
\.


--
-- Data for Name: AspNetUserClaims; Type: TABLE DATA; Schema: public; Owner: pauldor
--

COPY public."AspNetUserClaims" ("Id", "UserId", "ClaimType", "ClaimValue") FROM stdin;
\.


--
-- Data for Name: AspNetUserLogins; Type: TABLE DATA; Schema: public; Owner: pauldor
--

COPY public."AspNetUserLogins" ("LoginProvider", "ProviderKey", "ProviderDisplayName", "UserId") FROM stdin;
\.


--
-- Data for Name: AspNetUserRoles; Type: TABLE DATA; Schema: public; Owner: pauldor
--

COPY public."AspNetUserRoles" ("UserId", "RoleId") FROM stdin;
af2b3c8b-39a3-40e5-a4dc-198d4241517f	19ef95cd-413a-49ea-b4f1-448e9d86d81c
6cc714ac-a5fd-469e-b898-efd6667aaf39	19ef95cd-413a-49ea-b4f1-448e9d86d81c
6abfb7f8-6572-43ea-aa82-2f6073e78194	19ef95cd-413a-49ea-b4f1-448e9d86d81c
567a1546-0241-4a6a-bd10-bbe6a3260867	19ef95cd-413a-49ea-b4f1-448e9d86d81c
97a564f1-9af0-4bdf-beeb-bed1dd745b9a	19ef95cd-413a-49ea-b4f1-448e9d86d81c
\.


--
-- Data for Name: AspNetUserTokens; Type: TABLE DATA; Schema: public; Owner: pauldor
--

COPY public."AspNetUserTokens" ("UserId", "LoginProvider", "Name", "Value") FROM stdin;
\.


--
-- Data for Name: AspNetUsers; Type: TABLE DATA; Schema: public; Owner: pauldor
--

COPY public."AspNetUsers" ("Id", "Discriminator", "UserName", "NormalizedUserName", "Email", "NormalizedEmail", "EmailConfirmed", "PasswordHash", "SecurityStamp", "ConcurrencyStamp", "PhoneNumber", "PhoneNumberConfirmed", "TwoFactorEnabled", "LockoutEnd", "LockoutEnabled", "AccessFailedCount") FROM stdin;
af2b3c8b-39a3-40e5-a4dc-198d4241517f	Person	User1	USER1	user1@user.com	USER1@USER.COM	f	AQAAAAIAAYagAAAAEPhHr1uLxJJFbozoF/OnJ38t6MUYfnx8nVZP+gV/JcE2YZ7dMsTYw91kTw0OOTsEcA==	O5YXMUV72STPMEW2CBKEQIBCE3DSJOZ4	bc586076-1e25-461a-a823-2bbd2054c075	\N	f	f	\N	t	0
6cc714ac-a5fd-469e-b898-efd6667aaf39	Person	User2	USER2	user2@user.com	USER2@USER.COM	f	AQAAAAIAAYagAAAAEOrDrKzTxqzm6mxAL/Flsul/3IB4iCp3eY0jNCNTNVaH10ndE0q7HUG1aGMpDTk4Bw==	EI2IWGVC73NUH2YEV6RMHQELHEPP6IC4	6771d374-f99a-4673-a0d2-9314c22c6f54	\N	f	f	\N	t	0
6abfb7f8-6572-43ea-aa82-2f6073e78194	Person	User3	USER3	user3@user.com	USER3@USER.COM	f	AQAAAAIAAYagAAAAEHYiA29Z4eJEUrkrIf+CorEMZTC21OUaEfOxQ1qPCxPp5dLIb9radza5GebsYVjR4w==	6ZBJVQGUUFKWH4L7UN5E3T46ENU3GBBY	b013afb6-b057-4e70-8f49-71d485cefdf8	\N	f	f	\N	t	0
567a1546-0241-4a6a-bd10-bbe6a3260867	Person	User4	USER4	user4@user.com	USER4@USER.COM	f	AQAAAAIAAYagAAAAEAXZgDvKVXgw9wDvdG0VZDn0FNkXGwGIBl4BWqy11FQj7L7e+7M1AEDMfkvNUgMyGA==	HCWRTAXSZMIIIPJDZ6LWXW3GESS6NKGH	b1a79dcd-2293-479f-80c1-abb8183eabbf	\N	f	f	\N	t	0
97a564f1-9af0-4bdf-beeb-bed1dd745b9a	Person	User44	USER5	user44@user.com	USER5@USER.COM	f	AQAAAAIAAYagAAAAEBJaPXLuRwUXp3cLIWfBgnlZykAwGpAQLQeuSrJnhMRviUt2lWJsg5Xgm+SkXUZCcw==	HCYU3HUUCQCLDIZFBCDF3BBIEND3DIVO	5cd0176f-0287-44b0-96b5-63e9cbd86616	\N	f	f	\N	t	0
\.


--
-- Data for Name: Likes; Type: TABLE DATA; Schema: public; Owner: pauldor
--

COPY public."Likes" ("Id", "PersonId", "ExerciseIds") FROM stdin;
\.


--
-- Data for Name: RefreshTokens; Type: TABLE DATA; Schema: public; Owner: pauldor
--

COPY public."RefreshTokens" ("Id", "Token", "LiveTime", "PersonId") FROM stdin;
c9eaed11-da35-4afb-80a1-117b51de0c96	dbIeOfdpsKX4fa65GRJjAUPR2/TEICAut//gi2h4EO8=	2026-01-02 15:18:56.468856+03	af2b3c8b-39a3-40e5-a4dc-198d4241517f
94601246-915b-40b2-8018-c8373745128e	8qykCw3/YDY1k/D11R8GIVcZndDCr/WgxqfmU+/LXtY=	2026-01-02 15:39:19.090661+03	6cc714ac-a5fd-469e-b898-efd6667aaf39
8cff298d-a5f6-48ea-a303-4a6530f779ce	k7G9lRQZDlOC8eIsY6tGJtpiKwY3qgO9CXYwO+OJEuM=	2026-01-02 15:58:45.31428+03	6abfb7f8-6572-43ea-aa82-2f6073e78194
6d661580-53b5-404b-8b23-5fdc5c9031fa	wyvS0F+wXoP++Ze7djZxjTtbhYVem2d0W/d2YXSA1xw=	2026-01-02 16:37:50.462092+03	567a1546-0241-4a6a-bd10-bbe6a3260867
893b3a21-de81-402c-875f-591aa5f804a2	75x/bPWAmFHOLo2yhANR+5KKQiGZxrOSqocXbJLRyW4=	2026-01-03 17:36:41.645971+03	567a1546-0241-4a6a-bd10-bbe6a3260867
5322fbea-064d-400c-8f7c-b6a488c595d7	gy6NpMCW8mlLgZe+JcwBhpvaZRCzZBWyzKzhsLp2Ntw=	2026-01-06 21:22:09.381251+03	97a564f1-9af0-4bdf-beeb-bed1dd745b9a
\.


--
-- Data for Name: __EFMigrationsHistory; Type: TABLE DATA; Schema: public; Owner: pauldor
--

COPY public."__EFMigrationsHistory" ("MigrationId", "ProductVersion") FROM stdin;
20251107164407_Initialize	10.0.0-rc.2.25502.107
\.


--
-- Name: AspNetRoleClaims_Id_seq; Type: SEQUENCE SET; Schema: public; Owner: pauldor
--

SELECT pg_catalog.setval('public."AspNetRoleClaims_Id_seq"', 1, false);


--
-- Name: AspNetUserClaims_Id_seq; Type: SEQUENCE SET; Schema: public; Owner: pauldor
--

SELECT pg_catalog.setval('public."AspNetUserClaims_Id_seq"', 1, false);


--
-- Name: AspNetRoleClaims PK_AspNetRoleClaims; Type: CONSTRAINT; Schema: public; Owner: pauldor
--

ALTER TABLE ONLY public."AspNetRoleClaims"
    ADD CONSTRAINT "PK_AspNetRoleClaims" PRIMARY KEY ("Id");


--
-- Name: AspNetRoles PK_AspNetRoles; Type: CONSTRAINT; Schema: public; Owner: pauldor
--

ALTER TABLE ONLY public."AspNetRoles"
    ADD CONSTRAINT "PK_AspNetRoles" PRIMARY KEY ("Id");


--
-- Name: AspNetUserClaims PK_AspNetUserClaims; Type: CONSTRAINT; Schema: public; Owner: pauldor
--

ALTER TABLE ONLY public."AspNetUserClaims"
    ADD CONSTRAINT "PK_AspNetUserClaims" PRIMARY KEY ("Id");


--
-- Name: AspNetUserLogins PK_AspNetUserLogins; Type: CONSTRAINT; Schema: public; Owner: pauldor
--

ALTER TABLE ONLY public."AspNetUserLogins"
    ADD CONSTRAINT "PK_AspNetUserLogins" PRIMARY KEY ("LoginProvider", "ProviderKey");


--
-- Name: AspNetUserRoles PK_AspNetUserRoles; Type: CONSTRAINT; Schema: public; Owner: pauldor
--

ALTER TABLE ONLY public."AspNetUserRoles"
    ADD CONSTRAINT "PK_AspNetUserRoles" PRIMARY KEY ("UserId", "RoleId");


--
-- Name: AspNetUserTokens PK_AspNetUserTokens; Type: CONSTRAINT; Schema: public; Owner: pauldor
--

ALTER TABLE ONLY public."AspNetUserTokens"
    ADD CONSTRAINT "PK_AspNetUserTokens" PRIMARY KEY ("UserId", "LoginProvider", "Name");


--
-- Name: AspNetUsers PK_AspNetUsers; Type: CONSTRAINT; Schema: public; Owner: pauldor
--

ALTER TABLE ONLY public."AspNetUsers"
    ADD CONSTRAINT "PK_AspNetUsers" PRIMARY KEY ("Id");


--
-- Name: Likes PK_Likes; Type: CONSTRAINT; Schema: public; Owner: pauldor
--

ALTER TABLE ONLY public."Likes"
    ADD CONSTRAINT "PK_Likes" PRIMARY KEY ("Id");


--
-- Name: RefreshTokens PK_RefreshTokens; Type: CONSTRAINT; Schema: public; Owner: pauldor
--

ALTER TABLE ONLY public."RefreshTokens"
    ADD CONSTRAINT "PK_RefreshTokens" PRIMARY KEY ("Id");


--
-- Name: __EFMigrationsHistory PK___EFMigrationsHistory; Type: CONSTRAINT; Schema: public; Owner: pauldor
--

ALTER TABLE ONLY public."__EFMigrationsHistory"
    ADD CONSTRAINT "PK___EFMigrationsHistory" PRIMARY KEY ("MigrationId");


--
-- Name: EmailIndex; Type: INDEX; Schema: public; Owner: pauldor
--

CREATE INDEX "EmailIndex" ON public."AspNetUsers" USING btree ("NormalizedEmail");


--
-- Name: IX_AspNetRoleClaims_RoleId; Type: INDEX; Schema: public; Owner: pauldor
--

CREATE INDEX "IX_AspNetRoleClaims_RoleId" ON public."AspNetRoleClaims" USING btree ("RoleId");


--
-- Name: IX_AspNetUserClaims_UserId; Type: INDEX; Schema: public; Owner: pauldor
--

CREATE INDEX "IX_AspNetUserClaims_UserId" ON public."AspNetUserClaims" USING btree ("UserId");


--
-- Name: IX_AspNetUserLogins_UserId; Type: INDEX; Schema: public; Owner: pauldor
--

CREATE INDEX "IX_AspNetUserLogins_UserId" ON public."AspNetUserLogins" USING btree ("UserId");


--
-- Name: IX_AspNetUserRoles_RoleId; Type: INDEX; Schema: public; Owner: pauldor
--

CREATE INDEX "IX_AspNetUserRoles_RoleId" ON public."AspNetUserRoles" USING btree ("RoleId");


--
-- Name: IX_RefreshTokens_PersonId; Type: INDEX; Schema: public; Owner: pauldor
--

CREATE INDEX "IX_RefreshTokens_PersonId" ON public."RefreshTokens" USING btree ("PersonId");


--
-- Name: RoleNameIndex; Type: INDEX; Schema: public; Owner: pauldor
--

CREATE UNIQUE INDEX "RoleNameIndex" ON public."AspNetRoles" USING btree ("NormalizedName");


--
-- Name: UserNameIndex; Type: INDEX; Schema: public; Owner: pauldor
--

CREATE UNIQUE INDEX "UserNameIndex" ON public."AspNetUsers" USING btree ("NormalizedUserName");


--
-- Name: AspNetRoleClaims FK_AspNetRoleClaims_AspNetRoles_RoleId; Type: FK CONSTRAINT; Schema: public; Owner: pauldor
--

ALTER TABLE ONLY public."AspNetRoleClaims"
    ADD CONSTRAINT "FK_AspNetRoleClaims_AspNetRoles_RoleId" FOREIGN KEY ("RoleId") REFERENCES public."AspNetRoles"("Id") ON DELETE CASCADE;


--
-- Name: AspNetUserClaims FK_AspNetUserClaims_AspNetUsers_UserId; Type: FK CONSTRAINT; Schema: public; Owner: pauldor
--

ALTER TABLE ONLY public."AspNetUserClaims"
    ADD CONSTRAINT "FK_AspNetUserClaims_AspNetUsers_UserId" FOREIGN KEY ("UserId") REFERENCES public."AspNetUsers"("Id") ON DELETE CASCADE;


--
-- Name: AspNetUserLogins FK_AspNetUserLogins_AspNetUsers_UserId; Type: FK CONSTRAINT; Schema: public; Owner: pauldor
--

ALTER TABLE ONLY public."AspNetUserLogins"
    ADD CONSTRAINT "FK_AspNetUserLogins_AspNetUsers_UserId" FOREIGN KEY ("UserId") REFERENCES public."AspNetUsers"("Id") ON DELETE CASCADE;


--
-- Name: AspNetUserRoles FK_AspNetUserRoles_AspNetRoles_RoleId; Type: FK CONSTRAINT; Schema: public; Owner: pauldor
--

ALTER TABLE ONLY public."AspNetUserRoles"
    ADD CONSTRAINT "FK_AspNetUserRoles_AspNetRoles_RoleId" FOREIGN KEY ("RoleId") REFERENCES public."AspNetRoles"("Id") ON DELETE CASCADE;


--
-- Name: AspNetUserRoles FK_AspNetUserRoles_AspNetUsers_UserId; Type: FK CONSTRAINT; Schema: public; Owner: pauldor
--

ALTER TABLE ONLY public."AspNetUserRoles"
    ADD CONSTRAINT "FK_AspNetUserRoles_AspNetUsers_UserId" FOREIGN KEY ("UserId") REFERENCES public."AspNetUsers"("Id") ON DELETE CASCADE;


--
-- Name: AspNetUserTokens FK_AspNetUserTokens_AspNetUsers_UserId; Type: FK CONSTRAINT; Schema: public; Owner: pauldor
--

ALTER TABLE ONLY public."AspNetUserTokens"
    ADD CONSTRAINT "FK_AspNetUserTokens_AspNetUsers_UserId" FOREIGN KEY ("UserId") REFERENCES public."AspNetUsers"("Id") ON DELETE CASCADE;


--
-- Name: RefreshTokens FK_RefreshTokens_AspNetUsers_PersonId; Type: FK CONSTRAINT; Schema: public; Owner: pauldor
--

ALTER TABLE ONLY public."RefreshTokens"
    ADD CONSTRAINT "FK_RefreshTokens_AspNetUsers_PersonId" FOREIGN KEY ("PersonId") REFERENCES public."AspNetUsers"("Id") ON DELETE CASCADE;


--
-- PostgreSQL database dump complete
--

\unrestrict In7P7J1cY9Do6po1RqeeObXbpf5V5VOBYjsjdtvLXiTFlN1vsI1uFKvrp1Ph19V

